message;severity;node;stamp;location
"Oh no! I hit the wall! (Clamping from [x=11.120889, y=6.088889])";"30";"turtle3.turtlesim3";"1758029512.395628071";"/home/bugwriter/ros2_ws/src/ros_tutorials/turtlesim/src/turtle.cpp:update:288"
"Oh no! I hit the wall! (Clamping from [x=11.120889, y=6.088889])";"30";"turtle3.turtlesim3";"1758029512.379267857";"/home/bugwriter/ros2_ws/src/ros_tutorials/turtlesim/src/turtle.cpp:update:288"
"Oh no! I hit the wall! (Clamping from [x=11.120889, y=6.088889])";"30";"turtle2.turtlesim2";"1758029512.374249420";"/home/bugwriter/ros2_ws/src/ros_tutorials/turtlesim/src/turtle.cpp:update:288"
"Oh no! I hit the wall! (Clamping from [x=11.120889, y=5.544445])";"30";"turtle1.turtlesim1";"1758029512.367979466";"/home/bugwriter/ros2_ws/src/ros_tutorials/turtlesim/src/turtle.cpp:update:288"
"Oh no! I hit the wall! (Clamping from [x=11.120889, y=6.088889])";"30";"turtle3.turtlesim3";"1758029512.363963812";"/home/bugwriter/ros2_ws/src/ros_tutorials/turtlesim/src/turtle.cpp:update:288"
"Oh no! I hit the wall! (Clamping from [x=11.120889, y=6.088889])";"30";"turtle2.turtlesim2";"1758029512.357902980";"/home/bugwriter/ros2_ws/src/ros_tutorials/turtlesim/src/turtle.cpp:update:288"
"Oh no! I hit the wall! (Clamping from [x=11.120889, y=5.544445])";"30";"turtle1.turtlesim1";"1758029512.351504536";"/home/bugwriter/ros2_ws/src/ros_tutorials/turtlesim/src/turtle.cpp:update:288"
"Oh no! I hit the wall! (Clamping from [x=11.120889, y=6.088889])";"30";"turtle3.turtlesim3";"1758029512.347496222";"/home/bugwriter/ros2_ws/src/ros_tutorials/turtlesim/src/turtle.cpp:update:288"
"Oh no! I hit the wall! (Clamping from [x=11.120889, y=6.088889])";"30";"turtle2.turtlesim2";"1758029512.341530601";"/home/bugwriter/ros2_ws/src/ros_tutorials/turtlesim/src/turtle.cpp:update:288"
"Oh no! I hit the wall! (Clamping from [x=11.120889, y=5.544445])";"30";"turtle1.turtlesim1";"1758029512.336000417";"/home/bugwriter/ros2_ws/src/ros_tutorials/turtlesim/src/turtle.cpp:update:288"
"Oh no! I hit the wall! (Clamping from [x=11.120889, y=6.088889])";"30";"turtle3.turtlesim3";"1758029512.252197804";"/home/bugwriter/ros2_ws/src/ros_tutorials/turtlesim/src/turtle.cpp:update:288"
"Oh no! I hit the wall! (Clamping from [x=11.120889, y=6.088889])";"30";"turtle2.turtlesim2";"1758029512.182215270";"/home/bugwriter/ros2_ws/src/ros_tutorials/turtlesim/src/turtle.cpp:update:288"
"Oh no! I hit the wall! (Clamping from [x=11.120889, y=6.088889])";"30";"turtle3.turtlesim3";"1758029512.155659833";"/home/bugwriter/ros2_ws/src/ros_tutorials/turtlesim/src/turtle.cpp:update:288"
"Oh no! I hit the wall! (Clamping from [x=11.120889, y=6.088889])";"30";"turtle2.turtlesim2";"1758029512.054015252";"/home/bugwriter/ros2_ws/src/ros_tutorials/turtlesim/src/turtle.cpp:update:288"
"Oh no! I hit the wall! (Clamping from [x=11.120889, y=5.544445])";"30";"turtle1.turtlesim1";"1758029512.047913199";"/home/bugwriter/ros2_ws/src/ros_tutorials/turtlesim/src/turtle.cpp:update:288"
"Oh no! I hit the wall! (Clamping from [x=11.120889, y=6.088889])";"30";"turtle3.turtlesim3";"1758029512.043862758";"/home/bugwriter/ros2_ws/src/ros_tutorials/turtlesim/src/turtle.cpp:update:288"
"Oh no! I hit the wall! (Clamping from [x=11.120889, y=6.088889])";"30";"turtle2.turtlesim2";"1758029512.037695253";"/home/bugwriter/ros2_ws/src/ros_tutorials/turtlesim/src/turtle.cpp:update:288"
"Oh no! I hit the wall! (Clamping from [x=11.120889, y=5.544445])";"30";"turtle1.turtlesim1";"1758029512.031463906";"/home/bugwriter/ros2_ws/src/ros_tutorials/turtlesim/src/turtle.cpp:update:288"
"Oh no! I hit the wall! (Clamping from [x=11.120889, y=6.088889])";"30";"turtle3.turtlesim3";"1758029512.027556232";"/home/bugwriter/ros2_ws/src/ros_tutorials/turtlesim/src/turtle.cpp:update:288"
"Oh no! I hit the wall! (Clamping from [x=11.120889, y=6.088889])";"30";"turtle2.turtlesim2";"1758029512.022378540";"/home/bugwriter/ros2_ws/src/ros_tutorials/turtlesim/src/turtle.cpp:update:288"
"Oh no! I hit the wall! (Clamping from [x=11.120889, y=5.544445])";"30";"turtle1.turtlesim1";"1758029512.016000305";"/home/bugwriter/ros2_ws/src/ros_tutorials/turtlesim/src/turtle.cpp:update:288"
"Oh no! I hit the wall! (Clamping from [x=11.120889, y=6.088889])";"30";"turtle3.turtlesim3";"1758029512.011233218";"/home/bugwriter/ros2_ws/src/ros_tutorials/turtlesim/src/turtle.cpp:update:288"
"Oh no! I hit the wall! (Clamping from [x=11.120889, y=6.088889])";"30";"turtle2.turtlesim2";"1758029512.006023454";"/home/bugwriter/ros2_ws/src/ros_tutorials/turtlesim/src/turtle.cpp:update:288"
"Oh no! I hit the wall! (Clamping from [x=11.120889, y=5.544445])";"30";"turtle1.turtlesim1";"1758029511.999527035";"/home/bugwriter/ros2_ws/src/ros_tutorials/turtlesim/src/turtle.cpp:update:288"
"Oh no! I hit the wall! (Clamping from [x=11.120889, y=5.544445])";"30";"turtle1.turtlesim1";"1758029511.984070378";"/home/bugwriter/ros2_ws/src/ros_tutorials/turtlesim/src/turtle.cpp:update:288"
"Oh no! I hit the wall! (Clamping from [x=11.120889, y=6.088889])";"30";"turtle3.turtlesim3";"1758029511.931654973";"/home/bugwriter/ros2_ws/src/ros_tutorials/turtlesim/src/turtle.cpp:update:288"
"Oh no! I hit the wall! (Clamping from [x=11.120889, y=6.088889])";"30";"turtle2.turtlesim2";"1758029511.926326249";"/home/bugwriter/ros2_ws/src/ros_tutorials/turtlesim/src/turtle.cpp:update:288"
"Oh no! I hit the wall! (Clamping from [x=11.120889, y=6.088889])";"30";"turtle2.turtlesim2";"1758029511.878276851";"/home/bugwriter/ros2_ws/src/ros_tutorials/turtlesim/src/turtle.cpp:update:288"
"Oh no! I hit the wall! (Clamping from [x=11.120889, y=5.544445])";"30";"turtle1.turtlesim1";"1758029511.871973748";"/home/bugwriter/ros2_ws/src/ros_tutorials/turtlesim/src/turtle.cpp:update:288"
"Oh no! I hit the wall! (Clamping from [x=11.120889, y=6.088889])";"30";"turtle3.turtlesim3";"1758029511.867294577";"/home/bugwriter/ros2_ws/src/ros_tutorials/turtlesim/src/turtle.cpp:update:288"
"Oh no! I hit the wall! (Clamping from [x=11.120889, y=6.088889])";"30";"turtle2.turtlesim2";"1758029511.861964546";"/home/bugwriter/ros2_ws/src/ros_tutorials/turtlesim/src/turtle.cpp:update:288"
"Oh no! I hit the wall! (Clamping from [x=11.120889, y=6.088889])";"30";"turtle3.turtlesim3";"1758029511.819304997";"/home/bugwriter/ros2_ws/src/ros_tutorials/turtlesim/src/turtle.cpp:update:288"
"Oh no! I hit the wall! (Clamping from [x=11.120889, y=6.088889])";"30";"turtle2.turtlesim2";"1758029511.813936462";"/home/bugwriter/ros2_ws/src/ros_tutorials/turtlesim/src/turtle.cpp:update:288"
"Oh no! I hit the wall! (Clamping from [x=11.120889, y=5.544445])";"30";"turtle1.turtlesim1";"1758029511.808187403";"/home/bugwriter/ros2_ws/src/ros_tutorials/turtlesim/src/turtle.cpp:update:288"
"Oh no! I hit the wall! (Clamping from [x=11.120889, y=6.088889])";"30";"turtle3.turtlesim3";"1758029511.804010200";"/home/bugwriter/ros2_ws/src/ros_tutorials/turtlesim/src/turtle.cpp:update:288"
"Oh no! I hit the wall! (Clamping from [x=11.120889, y=6.088889])";"30";"turtle2.turtlesim2";"1758029511.797579318";"/home/bugwriter/ros2_ws/src/ros_tutorials/turtlesim/src/turtle.cpp:update:288"
"Oh no! I hit the wall! (Clamping from [x=11.120889, y=5.544445])";"30";"turtle1.turtlesim1";"1758029511.791725805";"/home/bugwriter/ros2_ws/src/ros_tutorials/turtlesim/src/turtle.cpp:update:288"
"Oh no! I hit the wall! (Clamping from [x=11.120889, y=6.088889])";"30";"turtle3.turtlesim3";"1758029511.787621087";"/home/bugwriter/ros2_ws/src/ros_tutorials/turtlesim/src/turtle.cpp:update:288"
"Oh no! I hit the wall! (Clamping from [x=11.120889, y=6.088889])";"30";"turtle2.turtlesim2";"1758029511.782190622";"/home/bugwriter/ros2_ws/src/ros_tutorials/turtlesim/src/turtle.cpp:update:288"
"Oh no! I hit the wall! (Clamping from [x=11.120889, y=6.088889])";"30";"turtle3.turtlesim3";"1758029511.771233683";"/home/bugwriter/ros2_ws/src/ros_tutorials/turtlesim/src/turtle.cpp:update:288"
"Oh no! I hit the wall! (Clamping from [x=11.120889, y=6.088889])";"30";"turtle2.turtlesim2";"1758029511.765696853";"/home/bugwriter/ros2_ws/src/ros_tutorials/turtlesim/src/turtle.cpp:update:288"
"Oh no! I hit the wall! (Clamping from [x=11.120889, y=5.544445])";"30";"turtle1.turtlesim1";"1758029511.759676754";"/home/bugwriter/ros2_ws/src/ros_tutorials/turtlesim/src/turtle.cpp:update:288"
"Oh no! I hit the wall! (Clamping from [x=11.120889, y=6.088889])";"30";"turtle3.turtlesim3";"1758029511.755866300";"/home/bugwriter/ros2_ws/src/ros_tutorials/turtlesim/src/turtle.cpp:update:288"
"Oh no! I hit the wall! (Clamping from [x=11.120889, y=6.088889])";"30";"turtle2.turtlesim2";"1758029511.750226724";"/home/bugwriter/ros2_ws/src/ros_tutorials/turtlesim/src/turtle.cpp:update:288"
"Oh no! I hit the wall! (Clamping from [x=11.120889, y=5.544445])";"30";"turtle1.turtlesim1";"1758029511.744142585";"/home/bugwriter/ros2_ws/src/ros_tutorials/turtlesim/src/turtle.cpp:update:288"
"Oh no! I hit the wall! (Clamping from [x=11.120889, y=6.088889])";"30";"turtle3.turtlesim3";"1758029511.739495785";"/home/bugwriter/ros2_ws/src/ros_tutorials/turtlesim/src/turtle.cpp:update:288"
"Oh no! I hit the wall! (Clamping from [x=11.120889, y=6.088889])";"30";"turtle2.turtlesim2";"1758029511.733843140";"/home/bugwriter/ros2_ws/src/ros_tutorials/turtlesim/src/turtle.cpp:update:288"
"Oh no! I hit the wall! (Clamping from [x=11.120889, y=5.544445])";"30";"turtle1.turtlesim1";"1758029511.727627703";"/home/bugwriter/ros2_ws/src/ros_tutorials/turtlesim/src/turtle.cpp:update:288"
"Oh no! I hit the wall! (Clamping from [x=11.120889, y=6.088889])";"30";"turtle3.turtlesim3";"1758029511.724162082";"/home/bugwriter/ros2_ws/src/ros_tutorials/turtlesim/src/turtle.cpp:update:288"
"Oh no! I hit the wall! (Clamping from [x=11.120889, y=6.088889])";"30";"turtle2.turtlesim2";"1758029511.718479678";"/home/bugwriter/ros2_ws/src/ros_tutorials/turtlesim/src/turtle.cpp:update:288"
"Oh no! I hit the wall! (Clamping from [x=11.120889, y=5.544445])";"30";"turtle1.turtlesim1";"1758029511.712180395";"/home/bugwriter/ros2_ws/src/ros_tutorials/turtlesim/src/turtle.cpp:update:288"
"Oh no! I hit the wall! (Clamping from [x=11.120889, y=6.088889])";"30";"turtle3.turtlesim3";"1758029511.707842237";"/home/bugwriter/ros2_ws/src/ros_tutorials/turtlesim/src/turtle.cpp:update:288"
"Oh no! I hit the wall! (Clamping from [x=11.120889, y=6.088889])";"30";"turtle2.turtlesim2";"1758029511.702125953";"/home/bugwriter/ros2_ws/src/ros_tutorials/turtlesim/src/turtle.cpp:update:288"
"Oh no! I hit the wall! (Clamping from [x=11.120889, y=6.088889])";"30";"turtle3.turtlesim3";"1758029511.691532847";"/home/bugwriter/ros2_ws/src/ros_tutorials/turtlesim/src/turtle.cpp:update:288"
"Oh no! I hit the wall! (Clamping from [x=11.120889, y=6.088889])";"30";"turtle2.turtlesim2";"1758029511.493859047";"/home/bugwriter/ros2_ws/src/ros_tutorials/turtlesim/src/turtle.cpp:update:288"
"Oh no! I hit the wall! (Clamping from [x=11.120889, y=5.544445])";"30";"turtle1.turtlesim1";"1758029511.487814820";"/home/bugwriter/ros2_ws/src/ros_tutorials/turtlesim/src/turtle.cpp:update:288"
"Oh no! I hit the wall! (Clamping from [x=11.120889, y=6.088889])";"30";"turtle3.turtlesim3";"1758029511.483471333";"/home/bugwriter/ros2_ws/src/ros_tutorials/turtlesim/src/turtle.cpp:update:288"
"Oh no! I hit the wall! (Clamping from [x=11.120889, y=6.088889])";"30";"turtle2.turtlesim2";"1758029511.478408724";"/home/bugwriter/ros2_ws/src/ros_tutorials/turtlesim/src/turtle.cpp:update:288"
"Oh no! I hit the wall! (Clamping from [x=11.120889, y=5.544445])";"30";"turtle1.turtlesim1";"1758029511.472223045";"/home/bugwriter/ros2_ws/src/ros_tutorials/turtlesim/src/turtle.cpp:update:288"
"Oh no! I hit the wall! (Clamping from [x=11.120889, y=6.088889])";"30";"turtle3.turtlesim3";"1758029511.468057504";"/home/bugwriter/ros2_ws/src/ros_tutorials/turtlesim/src/turtle.cpp:update:288"
"Oh no! I hit the wall! (Clamping from [x=11.120889, y=6.088889])";"30";"turtle2.turtlesim2";"1758029511.461939585";"/home/bugwriter/ros2_ws/src/ros_tutorials/turtlesim/src/turtle.cpp:update:288"
"Oh no! I hit the wall! (Clamping from [x=11.120889, y=5.544445])";"30";"turtle1.turtlesim1";"1758029511.455626931";"/home/bugwriter/ros2_ws/src/ros_tutorials/turtlesim/src/turtle.cpp:update:288"
"Oh no! I hit the wall! (Clamping from [x=11.120889, y=6.088889])";"30";"turtle3.turtlesim3";"1758029511.451682465";"/home/bugwriter/ros2_ws/src/ros_tutorials/turtlesim/src/turtle.cpp:update:288"
"Oh no! I hit the wall! (Clamping from [x=11.120889, y=6.088889])";"30";"turtle2.turtlesim2";"1758029511.446547069";"/home/bugwriter/ros2_ws/src/ros_tutorials/turtlesim/src/turtle.cpp:update:288"
"Oh no! I hit the wall! (Clamping from [x=11.120889, y=5.544445])";"30";"turtle1.turtlesim1";"1758029511.440132071";"/home/bugwriter/ros2_ws/src/ros_tutorials/turtlesim/src/turtle.cpp:update:288"
"Oh no! I hit the wall! (Clamping from [x=11.120889, y=6.088889])";"30";"turtle3.turtlesim3";"1758029511.435346233";"/home/bugwriter/ros2_ws/src/ros_tutorials/turtlesim/src/turtle.cpp:update:288"
"Oh no! I hit the wall! (Clamping from [x=11.120889, y=6.088889])";"30";"turtle2.turtlesim2";"1758029511.430164591";"/home/bugwriter/ros2_ws/src/ros_tutorials/turtlesim/src/turtle.cpp:update:288"
"Oh no! I hit the wall! (Clamping from [x=11.120889, y=5.544445])";"30";"turtle1.turtlesim1";"1758029511.423628851";"/home/bugwriter/ros2_ws/src/ros_tutorials/turtlesim/src/turtle.cpp:update:288"
"Oh no! I hit the wall! (Clamping from [x=11.120889, y=6.088889])";"30";"turtle3.turtlesim3";"1758029511.419976739";"/home/bugwriter/ros2_ws/src/ros_tutorials/turtlesim/src/turtle.cpp:update:288"
"Oh no! I hit the wall! (Clamping from [x=11.120889, y=6.088889])";"30";"turtle2.turtlesim2";"1758029511.413758889";"/home/bugwriter/ros2_ws/src/ros_tutorials/turtlesim/src/turtle.cpp:update:288"
"Oh no! I hit the wall! (Clamping from [x=11.120889, y=5.544445])";"30";"turtle1.turtlesim1";"1758029511.408136203";"/home/bugwriter/ros2_ws/src/ros_tutorials/turtlesim/src/turtle.cpp:update:288"
"Oh no! I hit the wall! (Clamping from [x=11.120889, y=6.088889])";"30";"turtle3.turtlesim3";"1758029511.403616479";"/home/bugwriter/ros2_ws/src/ros_tutorials/turtlesim/src/turtle.cpp:update:288"
"Oh no! I hit the wall! (Clamping from [x=11.120889, y=6.088889])";"30";"turtle2.turtlesim2";"1758029511.398335609";"/home/bugwriter/ros2_ws/src/ros_tutorials/turtlesim/src/turtle.cpp:update:288"
"Oh no! I hit the wall! (Clamping from [x=11.120889, y=5.544445])";"30";"turtle1.turtlesim1";"1758029511.391669477";"/home/bugwriter/ros2_ws/src/ros_tutorials/turtlesim/src/turtle.cpp:update:288"
"Oh no! I hit the wall! (Clamping from [x=11.120889, y=6.088889])";"30";"turtle3.turtlesim3";"1758029511.387299248";"/home/bugwriter/ros2_ws/src/ros_tutorials/turtlesim/src/turtle.cpp:update:288"
"Oh no! I hit the wall! (Clamping from [x=11.120889, y=6.088889])";"30";"turtle2.turtlesim2";"1758029511.381916838";"/home/bugwriter/ros2_ws/src/ros_tutorials/turtlesim/src/turtle.cpp:update:288"
"Oh no! I hit the wall! (Clamping from [x=11.120889, y=5.544445])";"30";"turtle1.turtlesim1";"1758029511.376216841";"/home/bugwriter/ros2_ws/src/ros_tutorials/turtlesim/src/turtle.cpp:update:288"
"Oh no! I hit the wall! (Clamping from [x=11.120889, y=6.088889])";"30";"turtle3.turtlesim3";"1758029511.371946945";"/home/bugwriter/ros2_ws/src/ros_tutorials/turtlesim/src/turtle.cpp:update:288"
"Oh no! I hit the wall! (Clamping from [x=11.120889, y=6.088889])";"30";"turtle2.turtlesim2";"1758029511.365527725";"/home/bugwriter/ros2_ws/src/ros_tutorials/turtlesim/src/turtle.cpp:update:288"
"Oh no! I hit the wall! (Clamping from [x=11.120889, y=5.544445])";"30";"turtle1.turtlesim1";"1758029511.359861004";"/home/bugwriter/ros2_ws/src/ros_tutorials/turtlesim/src/turtle.cpp:update:288"
"Oh no! I hit the wall! (Clamping from [x=11.120889, y=6.088889])";"30";"turtle3.turtlesim3";"1758029511.355596135";"/home/bugwriter/ros2_ws/src/ros_tutorials/turtlesim/src/turtle.cpp:update:288"
"Oh no! I hit the wall! (Clamping from [x=11.120889, y=6.088889])";"30";"turtle2.turtlesim2";"1758029511.350205784";"/home/bugwriter/ros2_ws/src/ros_tutorials/turtlesim/src/turtle.cpp:update:288"
"Oh no! I hit the wall! (Clamping from [x=11.120889, y=5.544445])";"30";"turtle1.turtlesim1";"1758029511.199711860";"/home/bugwriter/ros2_ws/src/ros_tutorials/turtlesim/src/turtle.cpp:update:288"
"Oh no! I hit the wall! (Clamping from [x=11.120889, y=6.088889])";"30";"turtle3.turtlesim3";"1758029511.195225212";"/home/bugwriter/ros2_ws/src/ros_tutorials/turtlesim/src/turtle.cpp:update:288"
"Oh no! I hit the wall! (Clamping from [x=11.120889, y=5.544445])";"30";"turtle1.turtlesim1";"1758029511.056245390";"/home/bugwriter/ros2_ws/src/ros_tutorials/turtlesim/src/turtle.cpp:update:288"
"Oh no! I hit the wall! (Clamping from [x=11.120889, y=6.088889])";"30";"turtle2.turtlesim2";"1758029511.046280322";"/home/bugwriter/ros2_ws/src/ros_tutorials/turtlesim/src/turtle.cpp:update:288"
"Oh no! I hit the wall! (Clamping from [x=11.120889, y=5.544445])";"30";"turtle1.turtlesim1";"1758029511.039833656";"/home/bugwriter/ros2_ws/src/ros_tutorials/turtlesim/src/turtle.cpp:update:288"
"Oh no! I hit the wall! (Clamping from [x=11.120889, y=6.088889])";"30";"turtle3.turtlesim3";"1758029511.035873607";"/home/bugwriter/ros2_ws/src/ros_tutorials/turtlesim/src/turtle.cpp:update:288"
"Oh no! I hit the wall! (Clamping from [x=11.120889, y=6.088889])";"30";"turtle2.turtlesim2";"1758029511.029916946";"/home/bugwriter/ros2_ws/src/ros_tutorials/turtlesim/src/turtle.cpp:update:288"
"Oh no! I hit the wall! (Clamping from [x=11.120889, y=5.544445])";"30";"turtle1.turtlesim1";"1758029511.024347945";"/home/bugwriter/ros2_ws/src/ros_tutorials/turtlesim/src/turtle.cpp:update:288"
"Oh no! I hit the wall! (Clamping from [x=11.120889, y=6.088889])";"30";"turtle3.turtlesim3";"1758029511.019504601";"/home/bugwriter/ros2_ws/src/ros_tutorials/turtlesim/src/turtle.cpp:update:288"
"Oh no! I hit the wall! (Clamping from [x=11.120889, y=6.088889])";"30";"turtle2.turtlesim2";"1758029511.014512667";"/home/bugwriter/ros2_ws/src/ros_tutorials/turtlesim/src/turtle.cpp:update:288"
"Oh no! I hit the wall! (Clamping from [x=11.120889, y=5.544445])";"30";"turtle1.turtlesim1";"1758029511.007930078";"/home/bugwriter/ros2_ws/src/ros_tutorials/turtlesim/src/turtle.cpp:update:288"
"Oh no! I hit the wall! (Clamping from [x=11.120889, y=6.088889])";"30";"turtle3.turtlesim3";"1758029511.004205689";"/home/bugwriter/ros2_ws/src/ros_tutorials/turtlesim/src/turtle.cpp:update:288"
"Oh no! I hit the wall! (Clamping from [x=11.120889, y=6.088889])";"30";"turtle3.turtlesim3";"1758029510.971501276";"/home/bugwriter/ros2_ws/src/ros_tutorials/turtlesim/src/turtle.cpp:update:288"
"Oh no! I hit the wall! (Clamping from [x=11.120889, y=6.088889])";"30";"turtle2.turtlesim2";"1758029510.533953240";"/home/bugwriter/ros2_ws/src/ros_tutorials/turtlesim/src/turtle.cpp:update:288"
"Oh no! I hit the wall! (Clamping from [x=11.120889, y=5.544445])";"30";"turtle1.turtlesim1";"1758029510.527596606";"/home/bugwriter/ros2_ws/src/ros_tutorials/turtlesim/src/turtle.cpp:update:288"
"Oh no! I hit the wall! (Clamping from [x=11.120889, y=6.088889])";"30";"turtle3.turtlesim3";"1758029510.523658393";"/home/bugwriter/ros2_ws/src/ros_tutorials/turtlesim/src/turtle.cpp:update:288"
"Oh no! I hit the wall! (Clamping from [x=11.120889, y=6.088889])";"30";"turtle2.turtlesim2";"1758029510.517570975";"/home/bugwriter/ros2_ws/src/ros_tutorials/turtlesim/src/turtle.cpp:update:288"
"Oh no! I hit the wall! (Clamping from [x=11.120889, y=5.544445])";"30";"turtle1.turtlesim1";"1758029510.512155794";"/home/bugwriter/ros2_ws/src/ros_tutorials/turtlesim/src/turtle.cpp:update:288"
"Oh no! I hit the wall! (Clamping from [x=11.120889, y=6.088889])";"30";"turtle3.turtlesim3";"1758029510.507342578";"/home/bugwriter/ros2_ws/src/ros_tutorials/turtlesim/src/turtle.cpp:update:288"
"Oh no! I hit the wall! (Clamping from [x=11.120889, y=6.088889])";"30";"turtle2.turtlesim2";"1758029510.502235517";"/home/bugwriter/ros2_ws/src/ros_tutorials/turtlesim/src/turtle.cpp:update:288"
"Oh no! I hit the wall! (Clamping from [x=11.120889, y=5.544445])";"30";"turtle1.turtlesim1";"1758029510.495713614";"/home/bugwriter/ros2_ws/src/ros_tutorials/turtlesim/src/turtle.cpp:update:288"
"Oh no! I hit the wall! (Clamping from [x=11.120889, y=6.088889])";"30";"turtle3.turtlesim3";"1758029510.492047331";"/home/bugwriter/ros2_ws/src/ros_tutorials/turtlesim/src/turtle.cpp:update:288"
"Oh no! I hit the wall! (Clamping from [x=11.120889, y=6.088889])";"30";"turtle2.turtlesim2";"1758029510.485881802";"/home/bugwriter/ros2_ws/src/ros_tutorials/turtlesim/src/turtle.cpp:update:288"
"Oh no! I hit the wall! (Clamping from [x=11.120889, y=5.544445])";"30";"turtle1.turtlesim1";"1758029510.480260939";"/home/bugwriter/ros2_ws/src/ros_tutorials/turtlesim/src/turtle.cpp:update:288"
"Oh no! I hit the wall! (Clamping from [x=11.120889, y=6.088889])";"30";"turtle3.turtlesim3";"1758029510.475669490";"/home/bugwriter/ros2_ws/src/ros_tutorials/turtlesim/src/turtle.cpp:update:288"
"Oh no! I hit the wall! (Clamping from [x=11.120889, y=5.544445])";"30";"turtle1.turtlesim1";"1758029510.463704357";"/home/bugwriter/ros2_ws/src/ros_tutorials/turtlesim/src/turtle.cpp:update:288"
"Oh no! I hit the wall! (Clamping from [x=11.120889, y=6.088889])";"30";"turtle3.turtlesim3";"1758029510.460235915";"/home/bugwriter/ros2_ws/src/ros_tutorials/turtlesim/src/turtle.cpp:update:288"
"Oh no! I hit the wall! (Clamping from [x=11.120889, y=6.088889])";"30";"turtle2.turtlesim2";"1758029510.453927435";"/home/bugwriter/ros2_ws/src/ros_tutorials/turtlesim/src/turtle.cpp:update:288"
"Oh no! I hit the wall! (Clamping from [x=11.120889, y=5.544445])";"30";"turtle1.turtlesim1";"1758029510.448193677";"/home/bugwriter/ros2_ws/src/ros_tutorials/turtlesim/src/turtle.cpp:update:288"
"Oh no! I hit the wall! (Clamping from [x=11.120889, y=6.088889])";"30";"turtle3.turtlesim3";"1758029510.443810021";"/home/bugwriter/ros2_ws/src/ros_tutorials/turtlesim/src/turtle.cpp:update:288"
"Oh no! I hit the wall! (Clamping from [x=11.120889, y=6.088889])";"30";"turtle2.turtlesim2";"1758029510.438487426";"/home/bugwriter/ros2_ws/src/ros_tutorials/turtlesim/src/turtle.cpp:update:288"
"Oh no! I hit the wall! (Clamping from [x=11.120889, y=5.544445])";"30";"turtle1.turtlesim1";"1758029510.431743556";"/home/bugwriter/ros2_ws/src/ros_tutorials/turtlesim/src/turtle.cpp:update:288"
"Oh no! I hit the wall! (Clamping from [x=11.120889, y=6.088889])";"30";"turtle3.turtlesim3";"1758029510.427509486";"/home/bugwriter/ros2_ws/src/ros_tutorials/turtlesim/src/turtle.cpp:update:288"
"Oh no! I hit the wall! (Clamping from [x=11.120889, y=5.544445])";"30";"turtle1.turtlesim1";"1758029510.416257304";"/home/bugwriter/ros2_ws/src/ros_tutorials/turtlesim/src/turtle.cpp:update:288"
"Oh no! I hit the wall! (Clamping from [x=11.120889, y=6.088889])";"30";"turtle2.turtlesim2";"1758029510.117992545";"/home/bugwriter/ros2_ws/src/ros_tutorials/turtlesim/src/turtle.cpp:update:288"
"Oh no! I hit the wall! (Clamping from [x=11.120889, y=5.544445])";"30";"turtle1.turtlesim1";"1758029510.111901910";"/home/bugwriter/ros2_ws/src/ros_tutorials/turtlesim/src/turtle.cpp:update:288"
"Oh no! I hit the wall! (Clamping from [x=11.120889, y=6.088889])";"30";"turtle3.turtlesim3";"1758029510.107966612";"/home/bugwriter/ros2_ws/src/ros_tutorials/turtlesim/src/turtle.cpp:update:288"
"Oh no! I hit the wall! (Clamping from [x=11.120889, y=6.088889])";"30";"turtle2.turtlesim2";"1758029510.101626868";"/home/bugwriter/ros2_ws/src/ros_tutorials/turtlesim/src/turtle.cpp:update:288"
"Oh no! I hit the wall! (Clamping from [x=11.120889, y=6.088889])";"30";"turtle2.turtlesim2";"1758029510.021649819";"/home/bugwriter/ros2_ws/src/ros_tutorials/turtlesim/src/turtle.cpp:update:288"
"Oh no! I hit the wall! (Clamping from [x=11.120889, y=5.544445])";"30";"turtle1.turtlesim1";"1758029509.376075940";"/home/bugwriter/ros2_ws/src/ros_tutorials/turtlesim/src/turtle.cpp:update:288"
"Oh no! I hit the wall! (Clamping from [x=11.120889, y=5.544445])";"30";"turtle1.turtlesim1";"1758029509.344087997";"/home/bugwriter/ros2_ws/src/ros_tutorials/turtlesim/src/turtle.cpp:update:288"
"Oh no! I hit the wall! (Clamping from [x=11.120889, y=6.088889])";"30";"turtle3.turtlesim3";"1758029509.275436093";"/home/bugwriter/ros2_ws/src/ros_tutorials/turtlesim/src/turtle.cpp:update:288"
"Oh no! I hit the wall! (Clamping from [x=11.120889, y=6.088889])";"30";"turtle2.turtlesim2";"1758029509.269884423";"/home/bugwriter/ros2_ws/src/ros_tutorials/turtlesim/src/turtle.cpp:update:288"
"Oh no! I hit the wall! (Clamping from [x=11.120889, y=5.544445])";"30";"turtle1.turtlesim1";"1758029509.263822098";"/home/bugwriter/ros2_ws/src/ros_tutorials/turtlesim/src/turtle.cpp:update:288"
"Oh no! I hit the wall! (Clamping from [x=11.120889, y=6.088889])";"30";"turtle3.turtlesim3";"1758029509.260064860";"/home/bugwriter/ros2_ws/src/ros_tutorials/turtlesim/src/turtle.cpp:update:288"
"Oh no! I hit the wall! (Clamping from [x=11.120889, y=6.088889])";"30";"turtle2.turtlesim2";"1758029509.253551489";"/home/bugwriter/ros2_ws/src/ros_tutorials/turtlesim/src/turtle.cpp:update:288"
"Oh no! I hit the wall! (Clamping from [x=11.120889, y=5.544445])";"30";"turtle1.turtlesim1";"1758029509.247449457";"/home/bugwriter/ros2_ws/src/ros_tutorials/turtlesim/src/turtle.cpp:update:288"
"Oh no! I hit the wall! (Clamping from [x=11.120889, y=6.088889])";"30";"turtle3.turtlesim3";"1758029509.243730518";"/home/bugwriter/ros2_ws/src/ros_tutorials/turtlesim/src/turtle.cpp:update:288"
"Oh no! I hit the wall! (Clamping from [x=11.120889, y=6.088889])";"30";"turtle2.turtlesim2";"1758029509.238254039";"/home/bugwriter/ros2_ws/src/ros_tutorials/turtlesim/src/turtle.cpp:update:288"
"Oh no! I hit the wall! (Clamping from [x=11.120889, y=6.088889])";"30";"turtle2.turtlesim2";"1758029509.125847905";"/home/bugwriter/ros2_ws/src/ros_tutorials/turtlesim/src/turtle.cpp:update:288"
"Oh no! I hit the wall! (Clamping from [x=11.120889, y=6.088889])";"30";"turtle3.turtlesim3";"1758029508.827309266";"/home/bugwriter/ros2_ws/src/ros_tutorials/turtlesim/src/turtle.cpp:update:288"
"Oh no! I hit the wall! (Clamping from [x=11.120889, y=6.088889])";"30";"turtle2.turtlesim2";"1758029508.822312097";"/home/bugwriter/ros2_ws/src/ros_tutorials/turtlesim/src/turtle.cpp:update:288"
"Oh no! I hit the wall! (Clamping from [x=11.120889, y=5.544445])";"30";"turtle1.turtlesim1";"1758029508.815731292";"/home/bugwriter/ros2_ws/src/ros_tutorials/turtlesim/src/turtle.cpp:update:288"
"Oh no! I hit the wall! (Clamping from [x=11.120889, y=6.088889])";"30";"turtle3.turtlesim3";"1758029508.812031487";"/home/bugwriter/ros2_ws/src/ros_tutorials/turtlesim/src/turtle.cpp:update:288"
"Oh no! I hit the wall! (Clamping from [x=11.120889, y=6.088889])";"30";"turtle3.turtlesim3";"1758029508.731514688";"/home/bugwriter/ros2_ws/src/ros_tutorials/turtlesim/src/turtle.cpp:update:288"
"Oh no! I hit the wall! (Clamping from [x=11.120889, y=5.544445])";"30";"turtle1.turtlesim1";"1758029508.623694939";"/home/bugwriter/ros2_ws/src/ros_tutorials/turtlesim/src/turtle.cpp:update:288"
"Oh no! I hit the wall! (Clamping from [x=11.120889, y=6.088889])";"30";"turtle3.turtlesim3";"1758029508.619363791";"/home/bugwriter/ros2_ws/src/ros_tutorials/turtlesim/src/turtle.cpp:update:288"
"Oh no! I hit the wall! (Clamping from [x=11.120889, y=6.088889])";"30";"turtle2.turtlesim2";"1758029508.613875096";"/home/bugwriter/ros2_ws/src/ros_tutorials/turtlesim/src/turtle.cpp:update:288"
"Oh no! I hit the wall! (Clamping from [x=11.120889, y=5.544445])";"30";"turtle1.turtlesim1";"1758029508.608167578";"/home/bugwriter/ros2_ws/src/ros_tutorials/turtlesim/src/turtle.cpp:update:288"
"Oh no! I hit the wall! (Clamping from [x=11.120889, y=6.088889])";"30";"turtle3.turtlesim3";"1758029508.604029521";"/home/bugwriter/ros2_ws/src/ros_tutorials/turtlesim/src/turtle.cpp:update:288"
"Oh no! I hit the wall! (Clamping from [x=11.120889, y=6.088889])";"30";"turtle2.turtlesim2";"1758029508.598480819";"/home/bugwriter/ros2_ws/src/ros_tutorials/turtlesim/src/turtle.cpp:update:288"
"Oh no! I hit the wall! (Clamping from [x=11.120889, y=5.544445])";"30";"turtle1.turtlesim1";"1758029508.591624700";"/home/bugwriter/ros2_ws/src/ros_tutorials/turtlesim/src/turtle.cpp:update:288"
"Oh no! I hit the wall! (Clamping from [x=11.120889, y=6.088889])";"30";"turtle3.turtlesim3";"1758029508.587693104";"/home/bugwriter/ros2_ws/src/ros_tutorials/turtlesim/src/turtle.cpp:update:288"
"Oh no! I hit the wall! (Clamping from [x=11.120889, y=6.088889])";"30";"turtle2.turtlesim2";"1758029508.582030617";"/home/bugwriter/ros2_ws/src/ros_tutorials/turtlesim/src/turtle.cpp:update:288"
"Oh no! I hit the wall! (Clamping from [x=11.120889, y=5.544445])";"30";"turtle1.turtlesim1";"1758029508.576073919";"/home/bugwriter/ros2_ws/src/ros_tutorials/turtlesim/src/turtle.cpp:update:288"
"Oh no! I hit the wall! (Clamping from [x=11.120889, y=6.088889])";"30";"turtle3.turtlesim3";"1758029508.571316782";"/home/bugwriter/ros2_ws/src/ros_tutorials/turtlesim/src/turtle.cpp:update:288"
"Oh no! I hit the wall! (Clamping from [x=11.120889, y=6.088889])";"30";"turtle2.turtlesim2";"1758029508.565605243";"/home/bugwriter/ros2_ws/src/ros_tutorials/turtlesim/src/turtle.cpp:update:288"
"Oh no! I hit the wall! (Clamping from [x=11.120889, y=5.544445])";"30";"turtle1.turtlesim1";"1758029508.559557779";"/home/bugwriter/ros2_ws/src/ros_tutorials/turtlesim/src/turtle.cpp:update:288"
"Oh no! I hit the wall! (Clamping from [x=11.120889, y=6.088889])";"30";"turtle3.turtlesim3";"1758029508.555954168";"/home/bugwriter/ros2_ws/src/ros_tutorials/turtlesim/src/turtle.cpp:update:288"
"Oh no! I hit the wall! (Clamping from [x=11.120889, y=6.088889])";"30";"turtle2.turtlesim2";"1758029508.550266853";"/home/bugwriter/ros2_ws/src/ros_tutorials/turtlesim/src/turtle.cpp:update:288"
"Oh no! I hit the wall! (Clamping from [x=11.120889, y=5.544445])";"30";"turtle1.turtlesim1";"1758029508.544108720";"/home/bugwriter/ros2_ws/src/ros_tutorials/turtlesim/src/turtle.cpp:update:288"
"Oh no! I hit the wall! (Clamping from [x=11.120889, y=6.088889])";"30";"turtle3.turtlesim3";"1758029508.539657857";"/home/bugwriter/ros2_ws/src/ros_tutorials/turtlesim/src/turtle.cpp:update:288"
"Oh no! I hit the wall! (Clamping from [x=11.120889, y=6.088889])";"30";"turtle2.turtlesim2";"1758029508.533888722";"/home/bugwriter/ros2_ws/src/ros_tutorials/turtlesim/src/turtle.cpp:update:288"
"Oh no! I hit the wall! (Clamping from [x=11.120889, y=5.544445])";"30";"turtle1.turtlesim1";"1758029508.527662941";"/home/bugwriter/ros2_ws/src/ros_tutorials/turtlesim/src/turtle.cpp:update:288"
"Oh no! I hit the wall! (Clamping from [x=11.120889, y=6.088889])";"30";"turtle3.turtlesim3";"1758029508.523312092";"/home/bugwriter/ros2_ws/src/ros_tutorials/turtlesim/src/turtle.cpp:update:288"
"Oh no! I hit the wall! (Clamping from [x=11.120889, y=6.088889])";"30";"turtle2.turtlesim2";"1758029508.518478261";"/home/bugwriter/ros2_ws/src/ros_tutorials/turtlesim/src/turtle.cpp:update:288"
"Oh no! I hit the wall! (Clamping from [x=11.120889, y=5.544445])";"30";"turtle1.turtlesim1";"1758029508.512232578";"/home/bugwriter/ros2_ws/src/ros_tutorials/turtlesim/src/turtle.cpp:update:288"
"Oh no! I hit the wall! (Clamping from [x=11.120889, y=5.544445])";"30";"turtle1.turtlesim1";"1758029508.463932068";"/home/bugwriter/ros2_ws/src/ros_tutorials/turtlesim/src/turtle.cpp:update:288"
"Oh no! I hit the wall! (Clamping from [x=11.120889, y=6.088889])";"30";"turtle3.turtlesim3";"1758029508.460073045";"/home/bugwriter/ros2_ws/src/ros_tutorials/turtlesim/src/turtle.cpp:update:288"
"Oh no! I hit the wall! (Clamping from [x=11.120889, y=6.088889])";"30";"turtle2.turtlesim2";"1758029508.453920340";"/home/bugwriter/ros2_ws/src/ros_tutorials/turtlesim/src/turtle.cpp:update:288"
"Oh no! I hit the wall! (Clamping from [x=11.120889, y=5.544445])";"30";"turtle1.turtlesim1";"1758029508.447499256";"/home/bugwriter/ros2_ws/src/ros_tutorials/turtlesim/src/turtle.cpp:update:288"
"Oh no! I hit the wall! (Clamping from [x=11.120889, y=6.088889])";"30";"turtle3.turtlesim3";"1758029508.443737131";"/home/bugwriter/ros2_ws/src/ros_tutorials/turtlesim/src/turtle.cpp:update:288"
"Oh no! I hit the wall! (Clamping from [x=11.120889, y=6.088889])";"30";"turtle2.turtlesim2";"1758029508.438490580";"/home/bugwriter/ros2_ws/src/ros_tutorials/turtlesim/src/turtle.cpp:update:288"
"Oh no! I hit the wall! (Clamping from [x=11.120889, y=5.544445])";"30";"turtle1.turtlesim1";"1758029508.432052408";"/home/bugwriter/ros2_ws/src/ros_tutorials/turtlesim/src/turtle.cpp:update:288"
"Oh no! I hit the wall! (Clamping from [x=11.120889, y=6.088889])";"30";"turtle3.turtlesim3";"1758029508.427380108";"/home/bugwriter/ros2_ws/src/ros_tutorials/turtlesim/src/turtle.cpp:update:288"
"Oh no! I hit the wall! (Clamping from [x=11.120889, y=6.088889])";"30";"turtle2.turtlesim2";"1758029508.421922573";"/home/bugwriter/ros2_ws/src/ros_tutorials/turtlesim/src/turtle.cpp:update:288"
"Oh no! I hit the wall! (Clamping from [x=11.120889, y=5.544445])";"30";"turtle1.turtlesim1";"1758029508.415492142";"/home/bugwriter/ros2_ws/src/ros_tutorials/turtlesim/src/turtle.cpp:update:288"
"Oh no! I hit the wall! (Clamping from [x=11.120889, y=6.088889])";"30";"turtle2.turtlesim2";"1758029508.406445169";"/home/bugwriter/ros2_ws/src/ros_tutorials/turtlesim/src/turtle.cpp:update:288"
"Oh no! I hit the wall! (Clamping from [x=11.120889, y=5.544445])";"30";"turtle1.turtlesim1";"1758029508.399913115";"/home/bugwriter/ros2_ws/src/ros_tutorials/turtlesim/src/turtle.cpp:update:288"
"Oh no! I hit the wall! (Clamping from [x=11.120889, y=6.088889])";"30";"turtle3.turtlesim3";"1758029506.011207222";"/home/bugwriter/ros2_ws/src/ros_tutorials/turtlesim/src/turtle.cpp:update:288"
"Oh no! I hit the wall! (Clamping from [x=11.120889, y=6.088889])";"30";"turtle3.turtlesim3";"1758029505.995943758";"/home/bugwriter/ros2_ws/src/ros_tutorials/turtlesim/src/turtle.cpp:update:288"
"Oh no! I hit the wall! (Clamping from [x=11.120889, y=6.088889])";"30";"turtle2.turtlesim2";"1758029505.990487612";"/home/bugwriter/ros2_ws/src/ros_tutorials/turtlesim/src/turtle.cpp:update:288"
"Oh no! I hit the wall! (Clamping from [x=11.120889, y=5.544445])";"30";"turtle1.turtlesim1";"1758029505.983996466";"/home/bugwriter/ros2_ws/src/ros_tutorials/turtlesim/src/turtle.cpp:update:288"
"Oh no! I hit the wall! (Clamping from [x=11.120889, y=6.088889])";"30";"turtle3.turtlesim3";"1758029505.979656317";"/home/bugwriter/ros2_ws/src/ros_tutorials/turtlesim/src/turtle.cpp:update:288"
"Oh no! I hit the wall! (Clamping from [x=11.120889, y=6.088889])";"30";"turtle2.turtlesim2";"1758029505.974156726";"/home/bugwriter/ros2_ws/src/ros_tutorials/turtlesim/src/turtle.cpp:update:288"
"Oh no! I hit the wall! (Clamping from [x=11.120889, y=5.544445])";"30";"turtle1.turtlesim1";"1758029505.967635418";"/home/bugwriter/ros2_ws/src/ros_tutorials/turtlesim/src/turtle.cpp:update:288"
"Oh no! I hit the wall! (Clamping from [x=11.120889, y=6.088889])";"30";"turtle3.turtlesim3";"1758029505.963398440";"/home/bugwriter/ros2_ws/src/ros_tutorials/turtlesim/src/turtle.cpp:update:288"
"Oh no! I hit the wall! (Clamping from [x=11.120889, y=6.088889])";"30";"turtle2.turtlesim2";"1758029505.957875577";"/home/bugwriter/ros2_ws/src/ros_tutorials/turtlesim/src/turtle.cpp:update:288"
"Oh no! I hit the wall! (Clamping from [x=11.120889, y=5.544445])";"30";"turtle1.turtlesim1";"1758029505.952231967";"/home/bugwriter/ros2_ws/src/ros_tutorials/turtlesim/src/turtle.cpp:update:288"
"Oh no! I hit the wall! (Clamping from [x=11.120889, y=5.544445])";"30";"turtle1.turtlesim1";"1758029505.647792590";"/home/bugwriter/ros2_ws/src/ros_tutorials/turtlesim/src/turtle.cpp:update:288"
"Oh no! I hit the wall! (Clamping from [x=11.120889, y=6.088889])";"30";"turtle3.turtlesim3";"1758029505.643672665";"/home/bugwriter/ros2_ws/src/ros_tutorials/turtlesim/src/turtle.cpp:update:288"
"Oh no! I hit the wall! (Clamping from [x=11.120889, y=6.088889])";"30";"turtle2.turtlesim2";"1758029505.637901215";"/home/bugwriter/ros2_ws/src/ros_tutorials/turtlesim/src/turtle.cpp:update:288"
"Oh no! I hit the wall! (Clamping from [x=11.120889, y=5.544445])";"30";"turtle1.turtlesim1";"1758029505.631387997";"/home/bugwriter/ros2_ws/src/ros_tutorials/turtlesim/src/turtle.cpp:update:288"
"Oh no! I hit the wall! (Clamping from [x=11.120889, y=6.088889])";"30";"turtle3.turtlesim3";"1758029505.627304826";"/home/bugwriter/ros2_ws/src/ros_tutorials/turtlesim/src/turtle.cpp:update:288"
"Oh no! I hit the wall! (Clamping from [x=11.120889, y=6.088889])";"30";"turtle2.turtlesim2";"1758029505.621518095";"/home/bugwriter/ros2_ws/src/ros_tutorials/turtlesim/src/turtle.cpp:update:288"
"Oh no! I hit the wall! (Clamping from [x=11.120889, y=5.544445])";"30";"turtle1.turtlesim1";"1758029505.615991437";"/home/bugwriter/ros2_ws/src/ros_tutorials/turtlesim/src/turtle.cpp:update:288"
"Oh no! I hit the wall! (Clamping from [x=11.120889, y=6.088889])";"30";"turtle3.turtlesim3";"1758029505.611929740";"/home/bugwriter/ros2_ws/src/ros_tutorials/turtlesim/src/turtle.cpp:update:288"
"Oh no! I hit the wall! (Clamping from [x=11.120889, y=6.088889])";"30";"turtle2.turtlesim2";"1758029505.606191148";"/home/bugwriter/ros2_ws/src/ros_tutorials/turtlesim/src/turtle.cpp:update:288"
"Oh no! I hit the wall! (Clamping from [x=11.120889, y=5.544445])";"30";"turtle1.turtlesim1";"1758029505.599654259";"/home/bugwriter/ros2_ws/src/ros_tutorials/turtlesim/src/turtle.cpp:update:288"
"Oh no! I hit the wall! (Clamping from [x=11.120889, y=6.088889])";"30";"turtle3.turtlesim3";"1758029505.595655083";"/home/bugwriter/ros2_ws/src/ros_tutorials/turtlesim/src/turtle.cpp:update:288"
"Oh no! I hit the wall! (Clamping from [x=11.120889, y=5.544445])";"30";"turtle1.turtlesim1";"1758029505.567931808";"/home/bugwriter/ros2_ws/src/ros_tutorials/turtlesim/src/turtle.cpp:update:288"
"Oh no! I hit the wall! (Clamping from [x=11.120889, y=6.088889])";"30";"turtle3.turtlesim3";"1758029505.564101320";"/home/bugwriter/ros2_ws/src/ros_tutorials/turtlesim/src/turtle.cpp:update:288"
"Oh no! I hit the wall! (Clamping from [x=11.120889, y=6.088889])";"30";"turtle2.turtlesim2";"1758029505.558303303";"/home/bugwriter/ros2_ws/src/ros_tutorials/turtlesim/src/turtle.cpp:update:288"
"Oh no! I hit the wall! (Clamping from [x=11.120889, y=5.544445])";"30";"turtle1.turtlesim1";"1758029505.520027483";"/home/bugwriter/ros2_ws/src/ros_tutorials/turtlesim/src/turtle.cpp:update:288"
"Oh no! I hit the wall! (Clamping from [x=11.120889, y=6.088889])";"30";"turtle3.turtlesim3";"1758029505.435933518";"/home/bugwriter/ros2_ws/src/ros_tutorials/turtlesim/src/turtle.cpp:update:288"
"Oh no! I hit the wall! (Clamping from [x=11.120889, y=6.088889])";"30";"turtle2.turtlesim2";"1758029505.286041606";"/home/bugwriter/ros2_ws/src/ros_tutorials/turtlesim/src/turtle.cpp:update:288"
"Oh no! I hit the wall! (Clamping from [x=11.120889, y=5.544445])";"30";"turtle1.turtlesim1";"1758029505.279768586";"/home/bugwriter/ros2_ws/src/ros_tutorials/turtlesim/src/turtle.cpp:update:288"
"Oh no! I hit the wall! (Clamping from [x=11.120889, y=6.088889])";"30";"turtle3.turtlesim3";"1758029505.276121567";"/home/bugwriter/ros2_ws/src/ros_tutorials/turtlesim/src/turtle.cpp:update:288"
"Oh no! I hit the wall! (Clamping from [x=11.120889, y=6.088889])";"30";"turtle2.turtlesim2";"1758029505.269699734";"/home/bugwriter/ros2_ws/src/ros_tutorials/turtlesim/src/turtle.cpp:update:288"
"Oh no! I hit the wall! (Clamping from [x=11.120889, y=5.544445])";"30";"turtle1.turtlesim1";"1758029505.263407039";"/home/bugwriter/ros2_ws/src/ros_tutorials/turtlesim/src/turtle.cpp:update:288"
"Oh no! I hit the wall! (Clamping from [x=11.120889, y=6.088889])";"30";"turtle3.turtlesim3";"1758029505.259735051";"/home/bugwriter/ros2_ws/src/ros_tutorials/turtlesim/src/turtle.cpp:update:288"
"Oh no! I hit the wall! (Clamping from [x=11.120889, y=6.088889])";"30";"turtle2.turtlesim2";"1758029505.254389366";"/home/bugwriter/ros2_ws/src/ros_tutorials/turtlesim/src/turtle.cpp:update:288"
"Oh no! I hit the wall! (Clamping from [x=11.120889, y=5.544445])";"30";"turtle1.turtlesim1";"1758029505.248061016";"/home/bugwriter/ros2_ws/src/ros_tutorials/turtlesim/src/turtle.cpp:update:288"
"Oh no! I hit the wall! (Clamping from [x=11.120889, y=6.088889])";"30";"turtle3.turtlesim3";"1758029505.243439821";"/home/bugwriter/ros2_ws/src/ros_tutorials/turtlesim/src/turtle.cpp:update:288"
"Oh no! I hit the wall! (Clamping from [x=11.120889, y=6.088889])";"30";"turtle2.turtlesim2";"1758029505.238050391";"/home/bugwriter/ros2_ws/src/ros_tutorials/turtlesim/src/turtle.cpp:update:288"
"Oh no! I hit the wall! (Clamping from [x=11.120889, y=5.544445])";"30";"turtle1.turtlesim1";"1758029505.231664912";"/home/bugwriter/ros2_ws/src/ros_tutorials/turtlesim/src/turtle.cpp:update:288"
"Oh no! I hit the wall! (Clamping from [x=11.120889, y=6.088889])";"30";"turtle3.turtlesim3";"1758029505.228080814";"/home/bugwriter/ros2_ws/src/ros_tutorials/turtlesim/src/turtle.cpp:update:288"
"Oh no! I hit the wall! (Clamping from [x=11.120889, y=6.088889])";"30";"turtle2.turtlesim2";"1758029505.222681596";"/home/bugwriter/ros2_ws/src/ros_tutorials/turtlesim/src/turtle.cpp:update:288"
"Oh no! I hit the wall! (Clamping from [x=11.120889, y=5.544445])";"30";"turtle1.turtlesim1";"1758029505.216226505";"/home/bugwriter/ros2_ws/src/ros_tutorials/turtlesim/src/turtle.cpp:update:288"
"Oh no! I hit the wall! (Clamping from [x=11.112000, y=6.088889])";"30";"turtle3.turtlesim3";"1758029505.212182485";"/home/bugwriter/ros2_ws/src/ros_tutorials/turtlesim/src/turtle.cpp:update:288"
"Oh no! I hit the wall! (Clamping from [x=11.120889, y=6.088889])";"30";"turtle2.turtlesim2";"1758029505.206050687";"/home/bugwriter/ros2_ws/src/ros_tutorials/turtlesim/src/turtle.cpp:update:288"
"Oh no! I hit the wall! (Clamping from [x=11.120889, y=5.544445])";"30";"turtle1.turtlesim1";"1758029505.199807929";"/home/bugwriter/ros2_ws/src/ros_tutorials/turtlesim/src/turtle.cpp:update:288"
"Oh no! I hit the wall! (Clamping from [x=11.112000, y=6.088889])";"30";"turtle2.turtlesim2";"1758029505.190066266";"/home/bugwriter/ros2_ws/src/ros_tutorials/turtlesim/src/turtle.cpp:update:288"
"Oh no! I hit the wall! (Clamping from [x=11.120889, y=5.544445])";"30";"turtle1.turtlesim1";"1758029505.184342456";"/home/bugwriter/ros2_ws/src/ros_tutorials/turtlesim/src/turtle.cpp:update:288"
"Oh no! I hit the wall! (Clamping from [x=11.120889, y=5.544445])";"30";"turtle1.turtlesim1";"1758029505.167858562";"/home/bugwriter/ros2_ws/src/ros_tutorials/turtlesim/src/turtle.cpp:update:288"
"Oh no! I hit the wall! (Clamping from [x=11.120889, y=5.544445])";"30";"turtle1.turtlesim1";"1758029505.152337359";"/home/bugwriter/ros2_ws/src/ros_tutorials/turtlesim/src/turtle.cpp:update:288"
"Oh no! I hit the wall! (Clamping from [x=11.120889, y=5.544445])";"30";"turtle1.turtlesim1";"1758029505.135783154";"/home/bugwriter/ros2_ws/src/ros_tutorials/turtlesim/src/turtle.cpp:update:288"
"Oh no! I hit the wall! (Clamping from [x=11.120889, y=5.544445])";"30";"turtle1.turtlesim1";"1758029505.119353692";"/home/bugwriter/ros2_ws/src/ros_tutorials/turtlesim/src/turtle.cpp:update:288"
"Oh no! I hit the wall! (Clamping from [x=11.120889, y=5.544445])";"30";"turtle1.turtlesim1";"1758029505.103874836";"/home/bugwriter/ros2_ws/src/ros_tutorials/turtlesim/src/turtle.cpp:update:288"
"Oh no! I hit the wall! (Clamping from [x=11.120889, y=5.544445])";"30";"turtle1.turtlesim1";"1758029505.088374806";"/home/bugwriter/ros2_ws/src/ros_tutorials/turtlesim/src/turtle.cpp:update:288"
"Oh no! I hit the wall! (Clamping from [x=11.120889, y=5.544445])";"30";"turtle1.turtlesim1";"1758029505.071867542";"/home/bugwriter/ros2_ws/src/ros_tutorials/turtlesim/src/turtle.cpp:update:288"
"Oh no! I hit the wall! (Clamping from [x=11.120889, y=5.544445])";"30";"turtle1.turtlesim1";"1758029505.055430390";"/home/bugwriter/ros2_ws/src/ros_tutorials/turtlesim/src/turtle.cpp:update:288"
"Oh no! I hit the wall! (Clamping from [x=11.120889, y=5.544445])";"30";"turtle1.turtlesim1";"1758029505.039962819";"/home/bugwriter/ros2_ws/src/ros_tutorials/turtlesim/src/turtle.cpp:update:288"
"Oh no! I hit the wall! (Clamping from [x=11.120889, y=5.544445])";"30";"turtle1.turtlesim1";"1758029505.023450961";"/home/bugwriter/ros2_ws/src/ros_tutorials/turtlesim/src/turtle.cpp:update:288"
"Oh no! I hit the wall! (Clamping from [x=11.120889, y=5.544445])";"30";"turtle1.turtlesim1";"1758029505.007923766";"/home/bugwriter/ros2_ws/src/ros_tutorials/turtlesim/src/turtle.cpp:update:288"
"Oh no! I hit the wall! (Clamping from [x=11.120889, y=5.544445])";"30";"turtle1.turtlesim1";"1758029504.991457920";"/home/bugwriter/ros2_ws/src/ros_tutorials/turtlesim/src/turtle.cpp:update:288"
"Oh no! I hit the wall! (Clamping from [x=11.120889, y=5.544445])";"30";"turtle1.turtlesim1";"1758029503.328156647";"/home/bugwriter/ros2_ws/src/ros_tutorials/turtlesim/src/turtle.cpp:update:288"
"Oh no! I hit the wall! (Clamping from [x=11.120889, y=5.544445])";"30";"turtle1.turtlesim1";"1758029503.312535772";"/home/bugwriter/ros2_ws/src/ros_tutorials/turtlesim/src/turtle.cpp:update:288"
"Oh no! I hit the wall! (Clamping from [x=11.120889, y=5.544445])";"30";"turtle1.turtlesim1";"1758029503.295849318";"/home/bugwriter/ros2_ws/src/ros_tutorials/turtlesim/src/turtle.cpp:update:288"
"Oh no! I hit the wall! (Clamping from [x=11.120889, y=5.544445])";"30";"turtle1.turtlesim1";"1758029503.280216977";"/home/bugwriter/ros2_ws/src/ros_tutorials/turtlesim/src/turtle.cpp:update:288"
"Oh no! I hit the wall! (Clamping from [x=11.112445, y=5.544445])";"30";"turtle1.turtlesim1";"1758029503.263829959";"/home/bugwriter/ros2_ws/src/ros_tutorials/turtlesim/src/turtle.cpp:update:288"
"A turtle named [turtle1] already exists";"40";"turtle1.turtlesim1";"1758029448.272113094";"/home/bugwriter/ros2_ws/src/ros_tutorials/turtlesim/src/turtle_frame.cpp:spawnCallback:178"
"Spawning turtle [turtle2] at x=[5.000000], y=[5.000000], theta=[0.000000]";"20";"turtle2.turtlesim2";"1758029448.031947212";"/home/bugwriter/ros2_ws/src/ros_tutorials/turtlesim/src/turtle_frame.cpp:spawnTurtle:248"
"Spawning turtle [turtle3] at x=[5.000000], y=[5.000000], theta=[0.000000]";"20";"turtle3.turtlesim3";"1758029448.027332696";"/home/bugwriter/ros2_ws/src/ros_tutorials/turtlesim/src/turtle_frame.cpp:spawnTurtle:248"
"Spawning turtle [turtle1] at x=[5.544445], y=[5.544445], theta=[0.000000]";"20";"turtle2.turtlesim2";"1758029447.343712606";"/home/bugwriter/ros2_ws/src/ros_tutorials/turtlesim/src/turtle_frame.cpp:spawnTurtle:248"
"Spawning turtle [turtle1] at x=[5.544445], y=[5.544445], theta=[0.000000]";"20";"turtle3.turtlesim3";"1758029447.343182197";"/home/bugwriter/ros2_ws/src/ros_tutorials/turtlesim/src/turtle_frame.cpp:spawnTurtle:248"
"Spawning turtle [turtle1] at x=[5.544445], y=[5.544445], theta=[0.000000]";"20";"turtle1.turtlesim1";"1758029447.342784416";"/home/bugwriter/ros2_ws/src/ros_tutorials/turtlesim/src/turtle_frame.cpp:spawnTurtle:248"
"Starting turtlesim with node name /turtle2/turtlesim2";"20";"turtle2.turtlesim2";"1758029447.327756776";"/home/bugwriter/ros2_ws/src/ros_tutorials/turtlesim/src/turtle_frame.cpp:TurtleFrame:147"
"Starting turtlesim with node name /turtle3/turtlesim3";"20";"turtle3.turtlesim3";"1758029447.327752449";"/home/bugwriter/ros2_ws/src/ros_tutorials/turtlesim/src/turtle_frame.cpp:TurtleFrame:147"
"Starting turtlesim with node name /turtle1/turtlesim1";"20";"turtle1.turtlesim1";"1758029447.327570312";"/home/bugwriter/ros2_ws/src/ros_tutorials/turtlesim/src/turtle_frame.cpp:TurtleFrame:147"
